<?xml version="1.0" encoding="UTF-8"?>
<deploy xmlns="http://www.apache.org/ode/schemas/dd/2007/03" xmlns:EstimacionTUSBPEL="http://www.unican.es/ss/EstimacionTUSBPEL" xmlns:InfoParadas="http://www.unican.es/ss/InfoParadas" xmlns:tempuri.org="http://tempuri.org/">
  <process name="EstimacionTUSBPEL:EstimacionTUSBPEL">
    <active>true</active>
    <retired>false</retired>
    <process-events generate="all"/>
    <provide partnerLink="client">
      <service name="EstimacionTUSBPEL:EstimacionTUSBPELService" port="EstimacionTUSBPELPort"/>
    </provide>
    <invoke partnerLink="client">
      <service name="EstimacionTUSBPEL:EstimacionTUSBPELServiceCallback" port="EstimacionTUSBPELPortCallbackPort"/>
    </invoke>
    <invoke partnerLink="InfoParadasPL">
      <service name="InfoParadas:InfoParadasService" port="InfoParadasPort"/>
    </invoke>
    <invoke partnerLink="DinamicaPL">
      <service name="tempuri.org:Dinamica" port="DinamicaSoap"/>
    </invoke>
  </process>
</deploy>