<?xml version="1.0" encoding="UTF-8" standalone="yes"?><ayuntamiento xmlns="http://www.unican.es/ss/ImpuestoCirculacion"><vehiculos xmlns:xsi="http://www.w3.org/2001/XMLSchema-instance" xsi:type="Motocicleta" cilindrada="100" contribuyente="C1" matricula="1111ABC"/><vehiculos xmlns:xsi="http://www.w3.org/2001/XMLSchema-instance" xsi:type="Turismo" potencia="100.0" contribuyente="C2" matricula="1112ABC"/><vehiculos xmlns:xsi="http://www.w3.org/2001/XMLSchema-instance" xsi:type="Furgoneta" potencia="50.0" comercial="true" contribuyente="C3" matricula="1113ABC"/><vehiculos xmlns:xsi="http://www.w3.org/2001/XMLSchema-instance" xsi:type="Motocicleta" cilindrada="20" contribuyente="C2" matricula="1114ABC"/><vehiculos xmlns:xsi="http://www.w3.org/2001/XMLSchema-instance" xsi:type="Turismo" potencia="10.0" contribuyente="C1" matricula="1115ABC"/><contribuyentes nombre="Francisco" dni="11111111A" id="C1"/><contribuyentes nombre="Alvaro" dni="11111111B" id="C2"/><contribuyentes nombre="Patricia" dni="11111111C" id="C3"/><contribuyentes nombre="Manuel" apellido1="Gonzalez" apellido2="Díaz" dni="11111112M" id="C6"/><facturas matricula="1111ABC" fecha="2019-08-19+02:00" importe="8.84"/><facturas matricula="1112ABC" fecha="2019-06-23+02:00" importe="224.0"/><facturas matricula="1113ABC" fecha="2019-07-19+02:00" importe="224.0"/><facturas matricula="1114ABC" fecha="2019-08-25+02:00" importe="8.84"/><facturas matricula="1115ABC" fecha="2018-08-19+02:00" importe="68.16"/></ayuntamiento>