<?xml version="1.0" encoding="UTF-8"?>
<deploy xmlns="http://www.apache.org/ode/schemas/dd/2007/03" 
xmlns:FuncionService="http://www.unican.es/ss/FuncionService" 
xmlns:funcion="www.example.org/funcion" 
xmlns:multiplicaservice.example.org="http://multiplicaservice.example.org/" 
xmlns:sumaservice.example.org="http://sumaservice.example.org/">
  <process name="FuncionService:FuncionService">
    <active>true</active>
    <retired>false</retired>
    <process-events generate="all"/>
    <provide partnerLink="client">
      <service name="funcion:FuncionService" port="FuncionPort"/>
    </provide>
    <invoke partnerLink="sumaPL">
      <service name="sumaservice.example.org:SumaService" port="SumaServicePort"/>
    </invoke>
    <invoke partnerLink="multiplicaPL">
      <service name="multiplicaservice.example.org:MultiplicaService" port="MultiplicaServicePort"/>
    </invoke>
  </process>
</deploy>